date,Total Sleep Score,Lowest Resting Heart Rate,Awake Time,Restfulness Score,Bedtime End,Sleep Efficiency Score,REM Sleep Score,Restless Sleep,Light Sleep Duration,Sleep Efficiency,Sleep Latency,Respiratory Rate,Bedtime Start,Sleep Latency Score,REM Sleep Duration,Total Sleep Duration,Average Resting Heart Rate,Sleep Timing,Total Bedtime ,Sleep Timin Score,Deep Sleep Score,Sleep Score,Deep Sleep Duration
2023-09-17,90,44,4590,76,2023-09-17T10:17:59.000+03:00,88,74,187,16440,87,1620,13.875,2023-09-17T00:42:59.000+03:00,67,5430,29910,51.41,17370,34500,24,99,78,8040
2023-09-18,94,44,4728,81,2023-09-18T09:52:47.000+03:00,88,82,170,20550,87,1380,13.875,2023-09-17T23:57:59.000+03:00,78,5970,30960,52.34,18120,35688,39,73,81,4440
2023-09-19,83,43,4350,75,2023-09-19T09:58:02.000+03:00,88,51,193,19980,87,1800,14.375,2023-09-19T01:00:02.000+03:00,59,3780,27930,54.05,16170,32280,24,69,69,4170
2023-09-20,93,44,5465,75,2023-09-20T09:10:38.000+03:00,83,90,179,18090,85,3420,14.125,2023-09-19T23:11:03.000+03:00,13,6600,30510,52.68,19560,35975,51,95,77,5820
2023-09-21,92,44,6920,74,2023-09-21T09:38:54.000+03:00,74,85,224,18120,81,2820,14.375,2023-09-20T23:18:04.000+03:00,21,6240,30330,47.74,18660,37250,55,95,76,5970
2023-09-22,83,44,4455,80,2023-09-22T09:24:14.000+03:00,86,78,231,15390,86,2220,14.0,2023-09-22T00:20:59.000+03:00,40,5700,28140,52.54,17010,32595,37,97,75,7050
2023-09-23,97,43,3570,76,2023-09-23T10:21:59.000+03:00,95,99,202,15840,90,1080,13.875,2023-09-23T00:29:59.000+03:00,91,8490,31950,52.86,18330,35520,23,98,86,7620
2023-09-24,65,46,5190,92,2023-09-24T08:46:59.000+03:00,76,95,123,10770,82,3240,13.75,2023-09-24T00:48:59.000+03:00,15,6930,23490,59.15,16230,28680,30,95,68,5790
2023-09-25,98,43,3944,78,2023-09-25T10:24:16.000+03:00,93,95,227,18720,89,240,13.75,2023-09-25T00:24:02.000+03:00,70,6960,32070,50.14,17670,36014,30,96,84,6390
2023-09-26,100,46,5644,76,2023-09-26T10:11:37.000+03:00,83,97,212,18270,85,1080,13.875,2023-09-25T23:24:03.000+03:00,91,7740,33210,52.17,19620,38854,44,97,88,7200
2023-09-27,83,42,6292,64,2023-09-27T09:07:18.000+03:00,76,73,165,16410,82,1170,14.75,2023-09-26T23:35:56.000+03:00,86,5340,27990,50.37,18960,34282,43,96,76,6240
2023-09-28,75,44,6090,79,2023-09-28T08:07:00.000+03:00,74,47,172,18030,81,2550,15.0,2023-09-27T23:12:00.000+03:00,24,3480,26010,54.62,15810,32100,81,74,68,4500
2023-09-30,64,51,9840,57,2023-09-30T10:53:29.000+03:00,48,60,176,15510,70,4500,14.25,2023-09-30T01:41:29.000+03:00,1,4410,23280,57.19,17730,33120,13,54,49,3360
2023-10-01,78,43,9720,84,2023-10-01T10:23:30.000+03:00,55,56,198,17280,73,5460,14.375,2023-10-01T00:16:30.000+03:00,1,4140,26700,54.79,19140,36420,23,87,62,5280
2023-10-02,53,49,7230,76,2023-10-02T09:01:31.000+03:00,58,32,109,13290,74,6060,15.125,2023-10-02T01:22:31.000+03:00,1,2370,20310,57.3,16170,27540,20,77,49,4650
2023-10-03,89,44,5366,78,2023-10-03T09:59:57.000+03:00,83,98,191,16830,85,2760,13.625,2023-10-03T00:17:31.000+03:00,22,8310,29580,52.96,18240,34946,28,73,73,4440
2023-10-04,84,44,5550,80,2023-10-04T10:04:00.000+03:00,81,83,173,15330,84,3030,13.75,2023-10-04T00:39:00.000+03:00,18,6030,28350,52.59,18000,33900,23,97,72,6990
2023-10-09,79,46,3652,87,2023-10-09T09:44:52.000+03:00,90,72,172,15690,88,690,13.625,2023-10-09T01:15:30.000+03:00,89,5280,26910,53.96,15420,30562,24,95,78,5940
2023-10-10,50,46,3767,68,2023-10-10T06:10:48.000+03:00,81,35,106,12570,84,960,13.875,2023-10-09T23:43:31.000+03:00,97,2610,19470,53.11,12570,23237,93,71,65,4290
2023-10-12,73,46,9556,53,2023-10-12T11:01:43.000+03:00,55,62,148,15420,73,5580,13.75,2023-10-12T01:16:27.000+03:00,1,4530,25560,56.04,19350,35116,13,93,56,5610
2023-10-13,73,44,6450,77,2023-10-13T10:17:30.000+03:00,72,67,190,15000,80,4140,13.375,2023-10-13T01:25:30.000+03:00,4,4920,25470,51.66,17910,31920,15,92,62,5550
2023-10-14,94,44,4620,79,2023-10-14T10:51:31.000+03:00,88,97,178,15600,87,2430,13.375,2023-10-14T00:59:31.000+03:00,29,7590,30900,51.64,18630,35520,17,98,78,7710
2023-10-17,63,43,6540,83,2023-10-17T08:54:29.000+03:00,67,65,140,14100,78,4980,13.875,2023-10-17T00:41:29.000+03:00,1,4800,23040,53.93,17280,29580,25,68,57,4140
2023-10-18,69,47,6275,76,2023-10-18T09:52:35.000+03:00,72,63,156,15930,80,3090,13.75,2023-10-18T01:18:30.000+03:00,17,4650,24570,52.69,16620,30845,20,66,59,3990
2023-10-19,89,41,8520,80,2023-10-19T09:58:32.000+03:00,67,79,209,18900,78,4620,13.5,2023-10-18T23:21:32.000+03:00,1,5820,29700,48.39,20580,38220,37,82,70,4980
2023-10-22,100,43,4140,74,2023-10-22T10:42:29.000+03:00,93,100,195,16530,89,1050,13.25,2023-10-22T00:24:29.000+03:00,91,9900,32940,49.57,18900,37080,23,96,86,6510
2023-10-23,71,43,7140,59,2023-10-23T08:20:30.000+03:00,67,62,159,14640,78,2970,13.625,2023-10-22T23:25:30.000+03:00,19,4560,24960,53.82,16710,32100,67,95,65,5760
2023-10-24,63,47,8820,79,2023-10-24T09:03:32.000+03:00,53,59,113,13560,72,5880,13.875,2023-10-24T00:12:32.000+03:00,1,4380,23040,56.39,18090,31860,32,84,57,5100
2023-10-26,82,48,3990,74,2023-10-26T10:24:01.000+03:00,88,53,114,18720,87,990,12.75,2023-10-26T01:34:01.000+03:00,94,3930,27810,56.64,15690,31800,20,85,74,5160
2023-10-27,56,46,6511,70,2023-10-27T09:36:01.000+03:00,62,41,119,11280,76,1950,13.25,2023-10-27T01:57:00.000+03:00,51,3060,21030,53.38,13110,27541,23,96,57,6690
2023-10-28,90,46,5820,77,2023-10-28T10:48:00.000+03:00,81,58,183,22860,84,1590,13.75,2023-10-28T00:54:00.000+03:00,67,4260,29820,54.99,17970,35640,20,43,70,2700
2023-10-31,93,43,4830,78,2023-10-31T09:03:58.000+02:00,86,85,195,17460,86,1290,13.5,2023-10-30T23:11:58.000+02:00,81,6240,30690,53.65,17670,35520,66,97,86,6990
2023-11-04,92,44,4440,62,2023-11-04T10:29:58.000+02:00,88,70,245,18330,87,1440,13.625,2023-11-04T00:50:58.000+02:00,75,5160,30300,55.08,18060,34740,20,97,76,6810
2023-11-11,84,51,8250,63,2023-11-11T11:55:32.000+02:00,65,58,176,17790,77,1950,13.125,2023-11-11T01:48:32.000+02:00,51,4320,28170,63.88,17400,36420,13,95,67,6060
2023-11-13,79,43,5760,75,2023-11-13T10:22:59.000+02:00,76,82,179,14940,82,2760,13.25,2023-11-13T01:14:59.000+02:00,22,6000,27120,51.25,17520,32880,18,96,68,6180
2023-11-14,90,42,4950,84,2023-11-14T10:03:00.000+02:00,86,95,164,16890,86,1830,13.0,2023-11-14T00:25:00.000+02:00,56,7080,29730,48.71,18390,34680,24,95,80,5760
2023-11-15,56,44,8130,77,2023-11-15T08:44:01.000+02:00,53,36,95,13980,72,7050,14.125,2023-11-15T00:35:01.000+02:00,1,2670,21210,53.73,18120,29340,23,75,50,4560
2023-11-20,40,52,10950,68,2023-11-20T07:54:31.000+02:00,27,15,111,11010,61,6480,14.0,2023-11-20T00:09:31.000+02:00,1,1110,16950,64.39,15690,27900,54,80,42,4830
2023-11-21,97,48,5413,71,2023-11-21T10:52:15.000+02:00,86,75,264,19320,86,690,13.0,2023-11-21T00:28:32.000+02:00,89,5490,32010,57.45,17940,37423,25,97,82,7200
2023-11-22,69,53,8055,78,2023-11-22T09:44:00.000+02:00,60,53,149,13470,75,3810,13.125,2023-11-22T00:43:45.000+02:00,8,3960,24360,60.99,17220,32415,24,97,60,6930
2023-11-23,32,47,6870,52,2023-11-23T06:18:00.000+02:00,44,33,47,8550,68,4410,14.625,2023-11-23T00:16:00.000+02:00,1,2430,14850,57.58,12660,21720,76,64,41,3870
2023-11-24,99,45,4577,71,2023-11-24T09:31:47.000+02:00,90,100,203,17670,88,1230,13.625,2023-11-23T23:12:30.000+02:00,83,8880,32580,52.52,18900,37157,55,95,88,6030
2023-11-25,87,44,7050,64,2023-11-25T10:48:31.000+02:00,72,87,189,15000,80,720,13.75,2023-11-25T00:46:31.000+02:00,91,6330,29070,49.53,16620,36120,27,98,78,7740
2023-11-26,94,46,4530,70,2023-11-26T10:39:32.000+02:00,88,87,194,20250,87,1980,13.25,2023-11-26T00:50:32.000+02:00,51,6330,30810,56.36,18630,35340,19,70,75,4230
2023-11-28,95,48,6840,77,2023-11-28T09:45:30.000+02:00,76,91,186,17460,82,3510,13.375,2023-11-27T23:14:30.000+02:00,12,6660,31020,61.36,20520,37860,41,97,76,6900
2023-11-29,63,47,13710,42,2023-11-29T10:03:31.000+02:00,32,58,212,18150,63,7650,15.5,2023-11-28T23:51:31.000+02:00,1,4230,23010,59.42,21810,36720,20,10,40,630
2023-12-03,100,43,3030,78,2023-12-03T10:57:57.000+02:00,97,100,243,17040,92,870,13.25,2023-12-03T00:40:57.000+02:00,97,9750,33990,48.11,18480,37020,21,97,88,7200
2023-12-04,58,45,3432,78,2023-12-04T07:55:12.000+02:00,86,52,99,12900,86,1740,13.875,2023-12-04T00:57:00.000+02:00,62,3840,21660,52.51,13200,25092,51,81,65,4920
2023-12-05,75,45,4800,75,2023-12-05T09:58:02.000+02:00,81,93,131,14040,84,3150,13.75,2023-12-05T01:25:02.000+02:00,16,6750,25980,52.61,16770,30780,18,86,67,5190
2023-12-14,77,45,8734,76,2023-12-14T10:40:33.000+02:00,60,71,135,14700,75,3120,13.875,2023-12-14T00:53:59.000+02:00,17,5220,26460,52.23,18480,35194,19,96,65,6540
2023-12-15,92,47,10500,74,2023-12-15T10:50:31.000+02:00,58,96,175,18570,74,6690,13.75,2023-12-14T23:27:31.000+02:00,1,7170,30480,59.42,23010,40980,21,78,69,4740
2023-12-19,69,49,9150,87,2023-12-19T10:08:27.000+02:00,55,67,140,15150,73,6690,14.125,2023-12-19T00:49:27.000+02:00,1,4920,24390,56.32,19350,33540,17,71,58,4320
2023-12-20,86,44,9150,79,2023-12-20T10:22:27.000+02:00,62,71,203,15570,76,4860,14.0,2023-12-19T23:48:27.000+02:00,1,5190,28890,53.82,20550,38040,24,99,68,8130
2023-12-23,60,47,8760,70,2023-12-23T12:49:59.000+02:00,53,48,146,14010,72,2640,13.625,2023-12-23T04:12:59.000+02:00,23,3600,22260,57.77,15090,31020,1,77,52,4650
2023-12-24,86,46,4830,74,2023-12-24T11:22:00.000+02:00,86,79,138,15870,86,1350,13.0,2023-12-24T02:02:00.000+02:00,78,5790,28770,54.42,17100,33600,11,97,76,7110
2024-01-02,73,43,8645,59,2024-01-02T10:09:31.000+02:00,60,80,211,15720,75,6090,13.375,2024-01-02T00:41:26.000+02:00,1,5880,25440,50.54,19350,34085,18,63,57,3840
2024-01-03,89,45,6750,65,2024-01-03T10:40:31.000+02:00,74,95,166,14970,81,4140,12.75,2024-01-03T00:33:31.000+02:00,4,7050,29670,54.24,19590,36420,19,98,70,7650
2024-01-04,89,47,8738,72,2024-01-04T10:39:11.000+02:00,65,89,157,15840,77,5700,13.25,2024-01-03T23:59:33.000+02:00,1,6510,29640,57.2,21660,38378,19,97,69,7290
2024-01-05,61,53,7260,73,2024-01-05T08:45:32.000+02:00,55,43,114,12180,74,780,12.75,2024-01-05T00:55:32.000+02:00,94,3210,20940,64.23,14520,28200,40,92,66,5550
2024-01-09,91,48,5850,73,2024-01-09T09:43:29.000+02:00,81,95,175,15750,84,2400,12.75,2024-01-08T23:46:29.000+02:00,32,6930,29970,56.84,18210,35820,44,97,78,7290
2024-01-10,97,47,6240,76,2024-01-10T10:14:28.000+02:00,81,84,207,19800,84,3810,13.375,2024-01-09T23:41:28.000+02:00,8,6180,31740,57.87,20040,37980,32,95,75,5760
2024-01-11,80,48,5631,67,2024-01-11T09:54:20.000+02:00,79,89,184,15840,83,3570,13.125,2024-01-11T00:46:29.000+02:00,11,6540,27240,57.93,18030,32871,21,80,66,4860
2024-01-12,73,47,7603,70,2024-01-12T09:51:44.000+02:00,65,72,195,16470,77,1860,13.75,2024-01-12T00:39:31.000+02:00,56,5280,25530,54.08,19170,33133,19,62,63,3780
2024-01-13,68,50,6630,59,2024-01-13T10:15:32.000+02:00,69,81,150,13140,79,4680,13.125,2024-01-13T01:40:32.000+02:00,1,5940,24270,58.85,17760,30900,13,86,58,5190
2024-01-23,60,48,7050,82,2024-01-23T08:49:00.000+02:00,62,58,115,13080,76,5430,13.375,2024-01-23T00:43:00.000+02:00,1,4230,22110,60.38,16950,29160,26,79,56,4800
2024-01-24,89,49,5700,58,2024-01-24T11:45:02.000+02:00,81,81,192,18390,84,1770,13.0,2024-01-24T01:57:02.000+02:00,59,5940,29580,57.23,17250,35280,12,87,72,5250
2024-01-26,80,49,6090,71,2024-01-26T10:42:00.000+02:00,76,84,138,14130,82,3870,13.0,2024-01-26T01:24:00.000+02:00,7,6150,27390,57.12,18420,33480,14,97,67,7110
2024-01-28,78,48,5433,72,2024-01-28T12:03:33.000+02:00,79,66,137,17880,83,2760,13.125,2024-01-28T03:06:30.000+02:00,22,4830,26790,55.98,16860,32223,1,67,62,4080
2024-01-29,88,47,7034,72,2024-01-29T10:20:48.000+02:00,74,94,149,18510,81,5130,13.125,2024-01-29T00:12:34.000+02:00,1,6900,29460,58.35,20700,36494,19,67,67,4050
2024-01-30,44,51,11008,68,2024-01-30T08:02:29.000+02:00,30,26,92,12390,62,7650,14.625,2024-01-29T23:59:31.000+02:00,1,1980,17970,64.85,19170,28978,30,58,40,3600
2024-01-31,88,49,8910,61,2024-01-31T10:07:30.000+02:00,65,80,229,17190,77,6000,13.5,2024-01-30T23:32:30.000+02:00,1,5850,29190,59.02,21600,38100,24,96,67,6150
2024-02-01,42,49,11220,71,2024-02-01T07:06:30.000+02:00,27,47,120,13380,61,7140,15.125,2024-01-31T23:05:30.000+02:00,1,3450,17640,65.1,18570,28860,62,13,40,810
2024-02-03,88,50,3630,79,2024-02-03T09:10:30.000+02:00,93,89,231,17970,89,1530,13.375,2024-02-03T00:01:30.000+02:00,70,6540,29310,61.11,16980,32940,47,79,80,4800
2024-02-04,76,48,8220,48,2024-02-04T09:15:32.000+02:00,62,60,154,16890,76,900,13.625,2024-02-03T23:41:32.000+02:00,99,4410,26220,58.59,17640,34440,51,81,69,4920
2024-02-05,98,48,3145,71,2024-02-05T08:57:28.000+02:00,96,97,211,18540,91,990,12.75,2024-02-04T23:10:33.000+02:00,94,7830,32070,56.31,17910,35215,65,94,90,5700
2024-02-06,79,48,6930,72,2024-02-06T09:39:59.000+02:00,72,65,135,16110,80,2940,12.875,2024-02-06T00:13:59.000+02:00,19,4770,27030,57.3,17130,33960,40,96,68,6150
2024-02-13,55,49,4135,77,2024-02-13T08:34:28.000+02:00,79,47,112,10950,83,1680,12.625,2024-02-13T01:37:33.000+02:00,64,3480,20880,59.51,12750,25015,34,96,63,6450
2024-02-14,77,46,2610,77,2024-02-14T07:16:30.000+02:00,96,76,165,12870,91,1350,12.75,2024-02-13T23:12:30.000+02:00,78,5550,26430,53.09,14940,29040,88,99,82,8010
2024-02-15,86,47,8130,79,2024-02-15T09:57:30.000+02:00,67,73,165,17130,78,5040,14.25,2024-02-14T23:43:30.000+02:00,1,5310,28710,58.94,19890,36840,32,96,69,6270
2024-02-17,88,48,2215,88,2024-02-17T10:05:58.000+02:00,98,90,191,16230,93,540,13.125,2024-02-17T01:21:03.000+02:00,83,6600,29280,53.76,15810,31495,22,96,83,6450
2024-02-18,80,50,9900,47,2024-02-18T10:41:59.000+02:00,55,76,137,17310,73,3870,13.375,2024-02-18T00:23:59.000+02:00,7,5550,27180,59.43,19200,37080,22,71,58,4320
2024-02-19,72,51,3512,78,2024-02-19T10:17:03.000+02:00,90,93,150,12390,88,2010,13.75,2024-02-19T02:17:01.000+02:00,48,6780,25290,59.56,15360,28802,14,96,71,6120
2024-02-21,47,54,5195,73,2024-02-21T07:31:29.000+02:00,67,36,76,10530,78,2760,13.75,2024-02-21T00:52:24.000+02:00,22,2670,18750,65.78,12480,23945,59,92,55,5550
2024-02-22,97,51,4570,71,2024-02-22T09:50:10.000+02:00,88,96,132,17370,87,1410,13.125,2024-02-21T23:45:30.000+02:00,75,7230,31710,60.82,18570,36280,42,97,84,7110
2024-02-23,74,49,5250,71,2024-02-23T09:50:02.000+02:00,79,67,147,15390,83,2340,12.875,2024-02-23T01:14:02.000+02:00,35,4920,25710,56.22,16500,30960,21,89,66,5400
2024-02-24,77,49,6120,71,2024-02-24T11:15:33.000+02:00,74,42,141,18750,81,3210,13.0,2024-02-24T02:10:33.000+02:00,15,3090,26580,59.89,17610,32700,8,78,59,4740
2024-02-27,70,49,4230,87,2024-02-27T08:48:28.000+02:00,83,55,141,14700,85,2010,12.875,2024-02-27T00:47:28.000+02:00,48,4050,24630,56.33,14760,28860,43,95,70,5880
2024-02-28,80,47,12503,88,2024-02-28T10:19:26.000+02:00,44,63,126,19110,68,7650,13.625,2024-02-27T23:18:33.000+02:00,1,4590,27150,59.52,23160,39653,22,56,60,3450
2024-02-29,82,49,5760,71,2024-02-29T09:38:02.000+02:00,79,58,195,17670,83,180,13.625,2024-02-29T00:18:02.000+02:00,67,4230,27840,60.03,16950,33600,39,95,73,5940
2024-03-01,84,51,6780,72,2024-03-01T10:00:58.000+02:00,74,93,201,14820,81,3450,13.5,2024-03-01T00:14:58.000+02:00,12,6840,28380,58.6,18240,35160,30,96,71,6720
2024-03-02,79,46,4050,78,2024-03-02T10:06:02.000+02:00,88,63,189,16920,87,2070,13.0,2024-03-02T01:30:02.000+02:00,46,4680,26910,55.83,16410,30960,18,88,70,5310
2024-03-03,95,47,5640,77,2024-03-03T10:33:59.000+02:00,83,98,197,15780,85,1320,13.25,2024-03-03T00:22:59.000+02:00,81,8310,31020,59.35,18270,36660,26,97,83,6930
2024-03-04,76,50,5936,83,2024-03-04T09:25:56.000+02:00,76,67,164,15480,82,1710,13.0,2024-03-04T00:29:00.000+02:00,62,4920,26280,62.85,16890,32216,34,95,72,5880
2024-03-08,90,48,4980,71,2024-03-08T09:24:00.000+02:00,86,61,210,18240,86,2130,13.5,2024-03-07T23:44:00.000+02:00,43,4470,29820,61.9,18540,34800,43,97,75,7110
2024-03-09,78,51,5430,75,2024-03-09T10:04:00.000+02:00,79,63,168,19140,83,1800,13.625,2024-03-09T01:07:00.000+02:00,59,4620,26790,61.95,17040,32220,21,49,66,3030
2024-03-10,75,51,3015,79,2024-03-10T09:37:14.000+02:00,95,93,170,13860,90,1020,13.0,2024-03-10T01:34:59.000+02:00,94,6810,25920,61.06,14910,28935,22,87,77,5250
2024-03-11,95,45,3510,73,2024-03-11T08:47:01.000+02:00,95,95,204,18840,90,150,12.75,2024-03-10T23:11:01.000+02:00,64,6990,31050,51.91,17970,34560,64,86,85,5220
2024-03-12,95,47,5340,77,2024-03-12T08:52:57.000+02:00,83,73,231,20280,85,1650,13.375,2024-03-11T22:41:57.000+02:00,64,5310,31320,60.84,18480,36660,74,95,84,5730
2024-03-13,100,49,5256,79,2024-03-13T09:01:08.000+02:00,86,98,211,20460,86,1680,13.0,2024-03-12T22:20:32.000+02:00,64,8130,33180,57.54,19440,38436,77,76,87,4590
2024-03-15,76,47,6450,69,2024-03-15T08:34:31.000+02:00,72,65,164,14490,80,2220,12.875,2024-03-14T23:28:31.000+02:00,40,4800,26310,54.52,16260,32760,69,97,71,7020
2024-03-16,54,53,11790,62,2024-03-16T08:49:31.000+02:00,34,23,118,15000,64,7230,13.875,2024-03-15T23:47:31.000+02:00,1,1800,20730,65.18,18510,32520,41,65,45,3930
2024-03-19,91,48,3895,83,2024-03-19T09:14:57.000+02:00,93,98,227,17310,89,1830,12.75,2024-03-18T23:48:02.000+02:00,56,8040,30120,57.34,17760,34015,47,79,82,4770
2024-03-20,98,46,3118,78,2024-03-20T09:00:30.000+02:00,96,100,241,16680,91,570,13.0,2024-03-19T23:09:02.000+02:00,83,10020,32370,55.62,17520,35488,69,94,90,5670
2024-03-21,55,49,8160,69,2024-03-21T08:56:32.000+02:00,53,27,167,15270,72,2910,13.75,2024-03-21T00:51:32.000+02:00,19,2010,20940,61.32,16470,29100,26,59,48,3660
2024-03-22,86,47,5760,72,2024-03-22T09:24:31.000+02:00,79,81,191,18180,83,2370,12.875,2024-03-21T23:47:31.000+02:00,32,5940,28860,58.7,17580,34620,49,78,73,4740
2024-03-23,78,49,3930,81,2024-03-23T10:14:02.000+02:00,88,66,189,16620,87,1590,12.75,2024-03-23T01:41:02.000+02:00,67,4830,26850,58.44,15390,30780,19,89,72,5400
2024-03-24,58,49,5580,74,2024-03-24T11:16:01.000+02:00,72,63,104,12030,80,2490,12.875,2024-03-24T03:41:01.000+02:00,27,4590,21720,56.99,13800,27300,4,84,56,5100
2024-03-25,72,46,5755,85,2024-03-25T08:53:59.000+02:00,74,50,134,14820,81,1860,13.0,2024-03-25T00:19:04.000+02:00,56,3720,25140,56.53,15630,30895,49,96,71,6600
2024-03-30,88,51,6030,72,2024-03-30T09:21:01.000+02:00,79,78,163,17430,83,1800,13.375,2024-03-29T23:30:01.000+02:00,59,5730,29430,59.76,17640,35460,57,96,78,6270
2024-03-31,93,47,6300,78,2024-03-31T11:42:28.000+03:00,79,95,231,16380,83,1140,12.875,2024-03-31T00:25:28.000+02:00,89,7050,30720,56.4,17460,37020,31,97,83,7290
2024-04-01,90,47,4560,76,2024-04-01T09:06:00.000+03:00,88,87,207,18060,87,2640,13.25,2024-03-31T23:32:30.000+03:00,23,6360,29850,56.86,18660,34410,47,90,76,5430
2024-04-02,88,48,7350,62,2024-04-02T09:45:32.000+03:00,72,88,200,20250,80,2610,13.75,2024-04-01T23:34:32.000+03:00,23,6420,29310,56.19,20340,36660,32,42,66,2640
2024-04-03,53,50,2910,84,2024-04-03T08:23:29.000+03:00,88,68,107,9840,87,1020,13.5,2024-04-03T01:56:29.000+03:00,94,4950,20310,57.72,11610,23220,34,91,69,5520
2024-04-05,95,48,9090,75,2024-04-05T10:47:01.000+03:00,65,78,212,19650,77,6480,13.375,2024-04-04T23:38:01.000+03:00,1,5670,31050,55.77,22740,40140,20,95,70,5730
2024-04-06,85,46,5613,84,2024-04-06T09:40:32.000+03:00,81,98,195,14430,84,3960,13.375,2024-04-06T00:11:59.000+03:00,6,8160,28500,53.57,18660,34113,28,95,73,5910
2024-04-07,91,46,7872,66,2024-04-07T11:10:42.000+03:00,69,85,242,16020,79,4500,13.25,2024-04-07T00:38:30.000+03:00,1,6210,30060,55.24,20040,37932,17,98,69,7830
2024-04-09,81,44,6150,75,2024-04-09T09:29:30.000+03:00,76,84,133,15600,82,3420,13.375,2024-04-09T00:09:30.000+03:00,13,6180,27450,52.83,17820,33600,36,94,70,5670
2024-04-10,60,45,6391,81,2024-04-10T07:47:01.000+03:00,67,61,142,11400,78,4980,14.0,2024-04-09T23:50:30.000+03:00,1,4470,22200,55.7,16620,28591,55,96,61,6330
2024-04-16,81,46,4389,84,2024-04-16T08:57:41.000+03:00,86,85,169,17010,86,2640,13.625,2024-04-16T00:05:32.000+03:00,23,6210,27540,55.21,17460,31929,41,71,72,4320
2024-04-17,82,47,6080,65,2024-04-17T09:09:32.000+03:00,76,88,172,15090,82,3660,13.625,2024-04-16T23:45:42.000+03:00,10,6390,27750,57.29,18060,33830,46,96,70,6270
2024-04-18,77,48,9345,78,2024-04-18T10:29:18.000+03:00,58,74,162,16410,74,5040,13.25,2024-04-18T00:33:33.000+03:00,1,5460,26400,54.17,18990,35745,21,75,61,4530
2024-04-23,95,46,6986,78,2024-04-23T10:00:28.000+03:00,76,96,148,17700,82,4350,13.0,2024-04-22T23:25:32.000+03:00,1,7260,31110,55.43,20820,38096,33,96,75,6150
2024-04-24,39,52,8106,47,2024-04-24T06:15:09.000+03:00,41,32,92,11700,67,4860,13.625,2024-04-23T23:20:33.000+03:00,1,2370,16770,62.82,14700,24876,86,43,41,2700
2024-04-25,34,53,5805,74,2024-04-25T05:12:48.000+03:00,55,30,84,10200,73,5250,13.25,2024-04-24T23:18:33.000+03:00,1,2250,15450,64.29,12990,21255,100,48,46,3000
2024-04-29,82,48,3281,76,2024-04-29T09:05:40.000+03:00,93,91,199,15210,89,1710,13.0,2024-04-29T00:29:29.000+03:00,62,6660,27690,59.39,16410,30971,38,95,78,5820
2024-04-30,82,48,6810,81,2024-04-30T09:32:58.000+03:00,72,96,142,13350,80,4230,13.0,2024-04-29T23:56:58.000+03:00,2,7320,27750,54.74,18690,34560,35,97,71,7080
2024-05-01,87,47,3633,81,2024-05-01T10:33:04.000+03:00,93,82,199,16410,89,1620,14.25,2024-05-01T01:27:01.000+03:00,67,6000,29130,55.12,16770,32763,18,96,78,6720
2024-05-02,87,48,4753,72,2024-05-02T10:15:41.000+03:00,86,86,177,15780,86,1560,13.125,2024-05-02T00:51:58.000+03:00,70,6300,29070,55.12,17430,33823,22,97,77,6990
2024-05-03,81,47,4808,82,2024-05-03T09:12:10.000+03:00,83,67,162,16770,85,2490,13.0,2024-05-03T00:14:02.000+03:00,27,4890,27480,55.07,17430,32288,37,95,72,5820
2024-05-04,65,47,5850,71,2024-05-04T07:33:00.000+03:00,72,53,97,15090,80,4560,13.25,2024-05-03T23:27:00.000+03:00,1,3930,23310,58.34,16020,29160,72,71,60,4290
2024-05-07,84,46,6660,72,2024-05-07T10:23:00.000+03:00,74,89,206,16290,81,3900,13.25,2024-05-07T00:38:00.000+03:00,7,6540,28440,54.73,18990,35100,20,93,69,5610
2024-05-08,53,50,6600,79,2024-05-08T07:02:01.000+03:00,62,43,133,12060,76,3630,13.375,2024-05-07T23:31:01.000+03:00,10,3210,20460,61.78,14370,27060,84,86,59,5190
2024-05-09,81,49,4080,81,2024-05-09T09:32:59.000+03:00,88,72,201,17010,87,1920,13.375,2024-05-09T00:46:59.000+03:00,54,5280,27480,58.75,16230,31560,31,86,74,5190
2024-05-15,100,46,3990,73,2024-05-15T10:05:28.000+03:00,95,100,234,18930,90,1620,12.875,2024-05-14T23:05:28.000+03:00,67,9840,35610,55.29,20640,39600,45,97,86,6840
2024-06-02,100,48,4800,82,2024-06-02T10:55:28.000+03:00,90,100,253,17820,88,1080,13.625,2024-06-01T23:59:28.000+03:00,91,10020,34560,54.37,19050,39360,31,97,88,6720
2024-06-03,63,47,4050,85,2024-06-03T08:20:29.000+03:00,83,48,142,13620,85,2490,13.875,2024-06-03T00:53:29.000+03:00,27,3540,22770,55.48,14670,26820,40,95,64,5610
2024-06-04,70,50,3150,77,2024-06-04T07:40:28.000+03:00,93,50,163,16380,89,1350,14.125,2024-06-03T23:56:28.000+03:00,78,3690,24690,56.87,14730,27840,68,78,73,4620
2024-06-05,95,46,4290,74,2024-06-05T10:04:00.000+03:00,90,89,196,18690,88,1980,13.875,2024-06-05T00:16:00.000+03:00,51,6510,30990,55.28,18030,35280,31,95,80,5790
2024-06-06,96,46,4860,81,2024-06-06T10:35:31.000+03:00,88,95,195,17550,87,2040,13.75,2024-06-06T00:28:31.000+03:00,48,6990,31560,55.54,18810,36420,22,97,81,7020
2024-06-07,63,47,2825,73,2024-06-07T06:41:37.000+03:00,93,50,86,14370,89,1740,13.625,2024-06-06T23:33:32.000+03:00,62,3690,22860,53.75,13470,25685,90,81,71,4800
2024-06-09,95,45,6060,73,2024-06-09T10:43:00.000+03:00,81,97,187,17580,84,2940,13.25,2024-06-09T00:23:00.000+03:00,19,7590,31140,54.96,19980,37200,20,96,75,5970
2024-06-10,67,49,4765,81,2024-06-10T07:31:29.000+03:00,72,42,140,15210,82,3360,13.25,2024-06-09T23:59:34.000+03:00,14,3090,22350,59.37,14760,27115,63,72,63,4050
2024-06-15,100,48,13200,66,2024-06-15T11:57:32.000+03:00,48,86,256,19170,70,1470,13.625,2024-06-14T23:37:32.000+03:00,72,6240,31200,61.58,18210,44400,48,96,80,5790
2024-06-16,99,47,3720,79,2024-06-16T10:50:32.000+03:00,95,91,220,19110,90,1320,13.25,2024-06-16T00:47:32.000+03:00,81,6630,32460,57.22,17880,36180,21,97,85,6720
2024-06-17,35,53,6540,85,2024-06-17T06:39:29.000+03:00,51,29,91,12810,71,6780,14.75,2024-06-17T00:27:29.000+03:00,1,2220,15780,65.31,13920,22320,60,13,40,750
2024-06-24,83,49,5905,79,2024-06-24T10:36:57.000+03:00,79,72,144,16290,83,2100,13.5,2024-06-24T01:14:02.000+03:00,46,5280,27870,57.67,16770,33775,20,96,72,6300
2024-06-25,90,50,7590,63,2024-06-25T10:36:58.000+03:00,72,71,170,20160,80,4230,13.625,2024-06-25T00:15:58.000+03:00,2,5220,29670,59.32,20520,37260,19,72,65,4290
2024-07-05,78,47,10980,80,2024-07-05T10:41:01.000+03:00,51,68,223,17640,71,7650,14.25,2024-07-05T00:14:01.000+03:00,1,5040,26640,61.95,23100,37620,13,66,59,3960
2024-07-11,85,46,7505,71,2024-07-11T10:26:31.000+03:00,69,95,237,15720,79,6300,14.0,2024-07-11T00:27:26.000+03:00,1,6930,28440,56.27,20970,35945,16,95,68,5790
2024-07-12,97,47,7410,80,2024-07-12T10:58:57.000+03:00,74,96,221,17550,81,6060,13.75,2024-07-12T00:06:57.000+03:00,1,7380,31710,55.84,22260,39120,16,97,74,6780
2024-07-18,73,46,8220,77,2024-07-18T09:30:58.000+03:00,62,51,196,17790,76,5970,14.5,2024-07-18T00:10:58.000+03:00,1,3780,25380,57.85,19650,33600,23,64,57,3810
2024-07-19,100,46,2280,77,2024-07-19T11:27:03.000+03:00,99,100,228,18210,94,510,13.375,2024-07-19T00:43:03.000+03:00,81,9960,36360,56.54,19590,38640,17,99,86,8190
2024-07-20,77,48,10980,81,2024-07-20T12:45:59.000+03:00,51,76,190,15000,71,4410,13.75,2024-07-20T02:20:59.000+03:00,1,5550,26520,57.73,18240,37500,5,96,62,5970
2024-07-27,84,44,8158,78,2024-07-27T11:02:58.000+03:00,67,100,221,14160,78,6570,13.5,2024-07-27T00:54:30.000+03:00,1,9150,28350,53.81,21420,36508,10,85,67,5040
2024-07-28,100,46,3960,78,2024-07-28T12:20:02.000+03:00,93,72,248,20760,89,360,13.5,2024-07-28T02:04:02.000+03:00,75,5280,33000,58.35,18090,36960,8,97,81,6960
2024-07-29,100,45,3346,82,2024-07-29T11:00:50.000+03:00,96,95,255,19740,91,1380,13.625,2024-07-29T00:51:04.000+03:00,78,6990,33240,53.4,18840,36586,18,96,86,6510
2024-07-30,100,42,2612,82,2024-07-30T10:17:02.000+03:00,98,99,249,17910,93,810,13.625,2024-07-30T00:14:00.000+03:00,94,8610,33570,51.58,18510,36182,28,97,89,7050
2024-07-31,66,48,8970,69,2024-07-31T09:40:29.000+03:00,55,48,156,16740,73,5250,13.875,2024-07-31T00:36:29.000+03:00,1,3510,23670,59.11,17640,32640,24,57,52,3420
2024-08-02,98,44,3660,74,2024-08-02T10:16:31.000+03:00,95,99,221,16860,90,1200,13.625,2024-08-02T00:18:31.000+03:00,86,8550,32220,51.45,18150,35880,29,97,86,6810
2024-08-03,86,47,7270,69,2024-08-03T10:34:13.000+03:00,72,83,209,15990,80,3720,13.625,2024-08-03T00:33:33.000+03:00,9,6120,28770,55.95,18720,36040,21,97,69,6660
2024-08-04,95,47,4800,78,2024-08-04T10:13:58.000+03:00,88,96,250,18390,87,2430,13.5,2024-08-04T00:15:58.000+03:00,29,7470,31080,56.88,18750,35880,25,88,78,5220
2024-08-05,80,43,10291,48,2024-08-05T07:26:01.000+03:00,55,91,175,16080,73,7650,14.625,2024-08-04T20:59:00.000+03:00,1,6630,27330,59.26,22950,37621,88,78,67,4620
2024-08-06,79,44,8760,62,2024-08-06T09:08:01.000+03:00,62,59,186,19620,76,1710,14.375,2024-08-05T23:10:01.000+03:00,62,4380,27120,55.13,20100,35880,47,52,65,3120
2024-08-07,83,43,2400,87,2024-08-07T09:06:01.000+03:00,97,85,238,17790,92,720,13.25,2024-08-07T00:39:01.000+03:00,91,6240,28020,50.56,15270,30420,42,67,80,3990
2024-08-08,64,46,5467,64,2024-08-08T07:27:40.000+03:00,74,62,243,13230,81,3750,14.0,2024-08-07T23:32:03.000+03:00,8,4530,23070,58.41,16080,28537,69,90,62,5310
2024-08-09,79,45,4817,73,2024-08-09T08:04:47.000+03:00,83,83,172,15180,85,1590,13.625,2024-08-08T23:15:00.000+03:00,67,6120,26970,52.49,15870,31787,79,95,79,5670
2024-08-12,90,45,6900,71,2024-08-12T09:46:28.000+03:00,74,86,222,18750,81,1950,14.0,2024-08-11T23:35:28.000+03:00,51,6300,29760,52.86,20370,36660,32,80,74,4710
2024-08-16,94,46,5910,81,2024-08-16T10:04:00.000+03:00,81,99,220,13950,84,4350,13.5,2024-08-15T23:52:00.000+03:00,1,8430,30810,54.51,20460,36720,24,99,75,8430
2024-08-17,93,45,5098,77,2024-08-17T10:03:59.000+03:00,86,72,276,19920,86,1800,13.375,2024-08-17T00:08:01.000+03:00,59,5280,30660,57.58,18870,35758,28,92,78,5460
2024-08-18,83,45,8580,52,2024-08-18T11:19:30.000+03:00,62,56,208,19350,76,1530,14.125,2024-08-18T01:11:30.000+03:00,70,4110,27900,57.12,20430,36480,10,74,64,4440
2024-08-19,48,52,3720,68,2024-08-19T06:05:31.000+03:00,81,20,152,15060,84,2100,14.25,2024-08-18T23:45:31.000+03:00,46,1530,19080,62.05,12210,22800,95,41,55,2490
2024-08-21,77,44,8430,73,2024-08-21T08:58:59.000+03:00,62,83,201,14280,76,5370,14.5,2024-08-20T23:15:59.000+03:00,1,6060,26550,56.73,20250,34980,43,96,66,6210
2024-08-22,75,47,4710,75,2024-08-22T09:09:59.000+03:00,83,58,128,15510,85,3330,13.375,2024-08-22T00:40:59.000+03:00,14,4320,25830,57.07,16860,30540,28,96,65,6000
2024-08-23,64,46,13979,56,2024-08-23T10:32:03.000+03:00,30,28,163,15420,62,1950,14.0,2024-08-23T00:15:04.000+03:00,51,2160,23040,54.09,13770,37019,67,92,58,5460
2024-08-24,87,45,4800,82,2024-08-24T09:15:29.000+03:00,86,97,185,14700,86,2940,13.375,2024-08-23T23:49:29.000+03:00,19,7680,29160,55.98,18060,33960,44,97,77,6780
2024-08-28,89,46,3660,78,2024-08-28T08:38:00.000+03:00,88,97,185,13350,88,1170,13.25,2024-08-27T23:52:00.000+03:00,86,7620,27900,51.61,15990,31560,57,97,86,6930
2024-08-29,81,44,7922,82,2024-08-29T09:35:36.000+03:00,67,75,166,15330,78,4830,13.875,2024-08-28T23:43:34.000+03:00,1,5490,27600,51.05,20070,35522,30,97,67,6780
2024-08-30,100,44,5757,83,2024-08-30T10:18:54.000+03:00,86,98,223,19890,86,3810,13.25,2024-08-29T23:09:57.000+03:00,8,8010,34380,52.85,21420,40137,36,96,80,6480
2024-08-31,100,46,5760,74,2024-08-31T10:23:27.000+03:00,83,100,176,18090,85,3420,13.0,2024-08-30T23:34:27.000+03:00,13,9000,33180,53.35,20940,38940,28,96,78,6090
2024-09-01,60,43,5100,85,2024-09-01T10:05:58.000+03:00,74,59,157,13650,81,2190,13.625,2024-09-01T02:30:58.000+03:00,40,4380,22200,51.63,13680,27300,16,70,60,4170
2024-09-03,88,43,5040,82,2024-09-03T09:35:31.000+03:00,83,96,236,16380,85,2070,14.0,2024-09-03T00:02:31.000+03:00,46,7530,29340,54.52,17520,34380,42,92,79,5430
2024-09-04,100,41,4050,85,2024-09-04T10:11:28.000+03:00,88,100,247,18300,89,2220,13.25,2024-09-04T00:10:28.000+03:00,40,9360,32010,50.46,19020,36060,27,79,81,4350
2024-09-05,95,43,6575,63,2024-09-05T10:16:06.000+03:00,79,77,222,19410,83,2610,13.5,2024-09-04T23:49:01.000+03:00,23,5640,31050,52.04,19260,37625,34,96,74,6000
2024-09-06,99,41,5730,80,2024-09-06T09:14:31.000+03:00,83,92,194,18870,85,1920,13.75,2024-09-05T22:34:31.000+03:00,54,6720,32670,51.38,19590,38400,69,97,86,7080
2024-09-09,95,45,9210,69,2024-09-09T11:07:27.000+03:00,65,46,172,20040,77,1590,13.125,2024-09-08T23:56:27.000+03:00,67,3390,31050,54.82,18300,40260,39,98,75,7620
2024-09-13,76,47,4385,75,2024-09-13T08:27:03.000+03:00,86,57,143,16200,86,1440,13.75,2024-09-12T23:57:58.000+03:00,75,4200,26160,53.89,15450,30545,62,95,75,5760
2024-09-14,78,44,1735,82,2024-09-14T09:06:59.000+03:00,99,62,155,16710,94,480,14.375,2024-09-14T01:14:04.000+03:00,81,4530,26640,54.5,14280,28375,33,91,76,5400
2024-09-15,77,51,8520,81,2024-09-15T11:13:00.000+03:00,62,53,183,18930,76,5040,13.375,2024-09-15T01:30:00.000+03:00,1,3960,26460,61.26,19320,34980,10,60,58,3570
2024-09-19,97,45,2595,78,2024-09-19T09:18:00.000+03:00,97,85,206,19800,92,1260,13.875,2024-09-18T23:43:15.000+03:00,83,6240,31890,54.15,17940,34485,48,95,86,5850
2024-09-22,83,50,6000,80,2024-09-22T10:24:31.000+03:00,76,71,152,17730,82,2010,13.125,2024-09-22T00:57:31.000+03:00,48,5220,28020,58.69,16770,34020,23,86,71,5070
2024-09-23,56,46,6956,52,2024-09-23T09:09:31.000+03:00,60,50,158,16050,75,3270,15.25,2024-09-23T01:22:35.000+03:00,15,3720,21060,60.02,16380,28016,20,21,44,1290
2024-09-26,93,43,4860,89,2024-09-26T10:26:31.000+03:00,86,89,246,19890,86,2100,14.125,2024-09-26T00:34:31.000+03:00,46,6540,30660,51.36,17940,35520,23,71,77,4230
2024-09-27,100,43,6205,64,2024-09-27T09:53:58.000+03:00,81,96,217,18960,84,2610,13.875,2024-09-26T22:53:03.000+03:00,23,7500,33450,52.78,21330,39655,45,97,79,6990
2024-10-01,66,48,11850,70,2024-10-01T11:41:08.000+03:00,41,57,147,15720,67,7650,13.5,2024-10-01T01:48:08.000+03:00,1,4170,23730,57.58,20790,35580,3,64,50,3840
2024-10-02,42,47,7795,70,2024-10-02T07:43:58.000+03:00,46,32,124,14550,69,6360,15.375,2024-10-02T00:41:03.000+03:00,1,2370,17580,63.27,14850,25375,45,11,39,660
2024-10-03,85,46,4495,79,2024-10-03T08:36:54.000+03:00,86,49,134,19710,86,3180,14.625,2024-10-02T23:26:59.000+03:00,16,3660,28500,58.23,18060,32995,55,87,71,5130
2024-10-05,85,43,4085,73,2024-10-05T10:24:36.000+03:00,88,96,161,14820,87,2010,13.25,2024-10-05T01:22:31.000+03:00,48,7230,28440,49.5,17430,32525,17,96,75,6390
2024-10-09,97,44,4740,72,2024-10-09T08:52:31.000+03:00,88,100,175,15360,87,2640,13.125,2024-10-08T22:45:31.000+03:00,23,9180,31680,51.54,19560,36420,63,97,82,7140
2024-10-10,82,45,8245,82,2024-10-10T09:50:28.000+03:00,65,97,132,15090,77,3570,13.25,2024-10-09T23:51:33.000+03:00,11,7650,27690,50.93,20880,35935,22,84,69,4950
2024-10-11,98,48,5250,76,2024-10-11T10:20:30.000+03:00,86,93,151,19800,86,3480,12.875,2024-10-10T23:59:30.000+03:00,12,6840,32010,56.91,20160,37260,23,91,76,5370
2024-10-12,38,51,6611,73,2024-10-12T08:31:42.000+03:00,51,23,80,11130,71,3720,14.375,2024-10-12T02:06:01.000+03:00,9,1710,16530,61.32,13890,23141,19,62,41,3690
2024-10-13,64,53,14955,68,2024-10-13T12:33:41.000+03:00,27,59,195,17460,61,1140,14.625,2024-10-13T02:00:26.000+03:00,89,4380,23040,64.58,23790,37995,1,19,52,1200
2024-10-19,94,48,8610,58,2024-10-19T11:05:28.000+03:00,67,90,158,17100,78,3780,13.0,2024-10-19T00:09:28.000+03:00,8,6570,30750,58.11,20310,39360,21,97,70,7080
2024-10-20,91,49,8245,79,2024-10-20T11:38:24.000+03:00,67,55,187,21960,78,3150,13.125,2024-10-20T00:59:29.000+03:00,16,4050,30090,63.22,20940,38335,11,68,65,4080
2024-10-21,100,43,5275,85,2024-10-21T10:11:01.000+03:00,88,96,227,22500,87,3600,13.0,2024-10-20T23:06:06.000+03:00,11,7560,34620,50.49,21660,39895,36,76,79,4560
2024-10-22,82,45,7890,83,2024-10-22T09:02:02.000+03:00,67,57,173,21420,78,6480,14.125,2024-10-21T23:10:02.000+03:00,1,4170,27630,55.68,20850,35520,40,33,61,2040
2024-10-23,92,49,11430,72,2024-10-23T11:06:58.000+03:00,55,47,229,21750,73,5070,13.5,2024-10-22T23:29:58.000+03:00,1,3480,30390,60.21,21090,41820,29,87,65,5160
2024-10-24,77,49,8160,71,2024-10-24T09:34:29.000+03:00,62,64,161,18180,76,240,13.125,2024-10-23T23:57:59.000+03:00,70,4740,26430,60.99,19800,34590,25,59,66,3510
2024-10-25,59,46,7214,77,2024-10-25T07:20:45.000+03:00,60,45,141,13620,75,6540,14.5,2024-10-24T23:16:01.000+03:00,1,3360,21870,55.83,17160,29084,68,83,58,4890
2024-10-27,87,46,5035,71,2024-10-27T09:22:49.000+02:00,83,73,214,18720,85,2790,13.25,2024-10-27T00:57:24.000+03:00,21,5400,28890,55.11,18150,33925,19,81,69,4770
2024-10-28,90,44,6795,74,2024-10-28T08:56:45.000+02:00,74,97,189,14520,81,4320,13.375,2024-10-27T22:47:30.000+02:00,1,7890,29760,51.7,20520,36555,54,98,75,7350
2024-10-30,83,44,7659,82,2024-10-30T08:53:12.000+02:00,69,59,164,16800,79,3900,13.25,2024-10-29T22:58:33.000+02:00,7,4350,28020,56.71,18630,35679,65,97,71,6870
2024-10-31,93,44,6060,72,2024-10-31T09:30:03.000+02:00,79,96,212,16920,83,2760,13.25,2024-10-30T23:19:03.000+02:00,22,7500,30600,58.92,18720,36660,54,96,78,6180
2024-11-01,83,44,3736,86,2024-11-01T08:18:51.000+02:00,90,58,152,19770,88,2100,13.375,2024-10-31T23:31:05.000+02:00,46,4230,27930,55.28,17100,31666,61,66,74,3930
2024-11-02,83,47,9128,73,2024-11-02T10:37:04.000+02:00,60,92,142,16230,75,5520,12.875,2024-11-02T00:17:26.000+02:00,1,6690,28050,58.68,20370,37178,20,87,66,5130
2024-11-03,83,47,13860,52,2024-11-03T11:57:29.000+02:00,41,50,205,21360,67,7350,13.625,2024-11-03T00:21:29.000+02:00,1,3690,27900,59.49,23310,41760,11,48,52,2850
2024-11-04,93,44,5983,86,2024-11-04T09:06:13.000+02:00,81,98,244,16980,84,2820,13.375,2024-11-03T22:56:30.000+02:00,21,7980,30600,51.69,18240,36583,69,95,82,5640
2024-11-07,87,49,7180,72,2024-11-07T10:49:10.000+02:00,72,53,130,19170,80,4410,13.0,2024-11-07T00:45:30.000+02:00,1,3930,29040,60.76,19860,36220,16,95,65,5940
2024-11-08,41,53,8220,19,2024-11-08T08:35:32.000+02:00,44,29,278,14220,68,810,15.875,2024-11-08T01:32:32.000+02:00,94,2190,17160,61.48,11490,25380,47,13,40,750
2024-11-10,90,50,7320,79,2024-11-10T12:01:27.000+02:00,72,96,207,15720,80,1680,12.75,2024-11-10T01:42:57.000+02:00,64,7440,29790,60.38,17790,37110,13,97,78,6630
2024-11-11,100,46,6695,73,2024-11-11T10:36:34.000+02:00,79,84,215,21150,83,3360,12.75,2024-11-10T23:39:29.000+02:00,14,6150,32730,52.43,20370,39425,30,92,76,5430
2024-11-12,85,49,5880,63,2024-11-12T10:24:29.000+02:00,79,96,151,16560,83,2490,13.0,2024-11-12T00:50:29.000+02:00,27,7320,28560,59.6,18510,34440,19,79,69,4680
2024-11-13,63,48,8700,47,2024-11-13T07:59:31.000+02:00,53,63,112,14760,72,5790,14.0,2024-11-12T23:13:31.000+02:00,1,4680,22860,57.61,18000,31560,62,57,53,3420
2024-11-14,79,45,8100,91,2024-11-14T09:03:32.000+02:00,65,72,146,16410,77,7230,13.75,2024-11-13T23:18:32.000+02:00,1,5280,27000,53.51,20790,35100,37,90,68,5310
2024-11-15,100,48,2760,73,2024-11-15T10:07:58.000+02:00,97,100,246,18180,92,900,12.875,2024-11-14T23:57:58.000+02:00,99,9720,33840,58.22,18690,36600,35,95,89,5940
2024-11-18,64,48,6240,73,2024-11-18T07:38:02.000+02:00,69,56,129,14520,79,3090,13.75,2024-11-17T23:30:02.000+02:00,17,4110,23040,60.8,15030,29280,79,74,63,4410
2024-11-19,85,50,4485,77,2024-11-19T09:28:47.000+02:00,86,91,119,15900,86,2370,13.0,2024-11-19T00:18:32.000+02:00,32,6660,28530,60.6,17340,33015,35,96,75,5970
2024-11-22,80,46,14292,46,2024-11-22T12:06:41.000+02:00,39,66,172,14910,66,1260,12.75,2024-11-22T00:35:29.000+02:00,83,4830,27180,57.8,15690,41472,41,98,68,7440
2024-11-23,87,48,4910,77,2024-11-23T10:36:19.000+02:00,86,63,177,17700,86,2640,13.5,2024-11-23T01:10:29.000+02:00,23,4620,29040,58.15,18420,33950,16,97,70,6720
2024-11-25,81,43,7860,73,2024-11-25T09:44:58.000+02:00,67,76,192,17880,78,5280,13.875,2024-11-24T23:53:58.000+02:00,1,5550,27600,52.8,20820,35460,22,70,63,4170
2024-12-04,96,41,6390,59,2024-12-04T10:05:57.000+02:00,79,99,148,16620,83,1290,13.0,2024-12-03T23:34:57.000+02:00,81,8610,31470,49.4,18600,37860,47,96,83,6240
2024-12-05,83,46,8220,77,2024-12-05T10:02:58.000+02:00,65,83,110,15030,77,4410,13.0,2024-12-05T00:00:58.000+02:00,1,6060,27900,53.06,19200,36120,29,97,68,6810
2024-12-07,65,49,3600,58,2024-12-07T09:03:01.000+02:00,88,53,112,14310,87,960,13.125,2024-12-07T01:31:01.000+02:00,97,3870,23520,57.1,13200,27120,34,90,68,5340
2024-12-11,81,45,6360,78,2024-12-11T09:26:30.000+02:00,74,78,104,17310,81,4530,13.5,2024-12-11T00:00:30.000+02:00,1,5700,27600,58.84,19260,33960,28,78,66,4590
2024-12-12,83,46,7710,76,2024-12-12T09:48:30.000+02:00,67,51,160,18450,78,2370,14.125,2024-12-11T23:55:30.000+02:00,32,3750,27870,53.44,17010,35580,50,95,70,5670
2024-12-14,72,41,8495,68,2024-12-14T09:28:36.000+02:00,60,66,113,15840,75,210,14.375,2024-12-14T00:06:31.000+02:00,67,4860,25230,55.0,18660,33725,30,76,65,4530
2024-12-17,100,44,9749,82,2024-12-17T13:14:29.000+02:00,69,99,253,27840,81,1680,14.0,2024-12-16T23:09:30.000+02:00,64,8640,40950,56.18,24270,50699,19,82,81,4470
2024-12-18,92,47,11490,78,2024-12-18T11:08:01.000+02:00,55,82,170,19140,73,7650,13.5,2024-12-17T23:31:31.000+02:00,1,5970,30300,57.58,23940,41790,17,88,68,5190
2024-12-20,50,51,5400,67,2024-12-20T06:55:33.000+02:00,67,55,135,10860,78,2610,13.625,2024-12-20T00:00:33.000+02:00,23,4080,19500,58.75,14070,24900,72,76,57,4560
2024-12-27,100,42,4140,86,2024-12-27T12:32:30.000+02:00,95,83,321,27450,90,1830,13.5,2024-12-27T00:34:30.000+02:00,56,6090,38940,51.05,22170,43080,12,91,82,5400
2024-12-28,87,42,8409,64,2024-12-28T10:19:40.000+02:00,67,71,201,21810,78,270,14.25,2024-12-27T23:53:31.000+02:00,70,5190,29160,55.09,21450,37569,21,35,67,2160
2024-12-31,97,45,3690,71,2024-12-31T11:26:03.000+02:00,95,100,191,18360,90,1320,12.875,2024-12-31T01:37:03.000+02:00,81,9300,31650,52.02,18180,35340,12,67,80,3990
2025-01-07,67,50,8490,70,2025-01-07T11:22:00.000+02:00,58,49,130,14010,74,2340,13.625,2025-01-07T02:21:00.000+02:00,35,3660,23970,57.0,14940,32460,14,96,59,6300
2025-01-11,72,47,5250,81,2025-01-11T10:18:27.000+02:00,79,83,148,13020,83,1200,13.5,2025-01-11T01:52:27.000+02:00,86,6090,25110,55.27,14250,30360,21,96,74,6000
2025-01-12,79,46,4950,76,2025-01-12T09:27:30.000+02:00,81,73,150,14730,84,3420,13.375,2025-01-12T00:37:30.000+02:00,13,5400,26850,54.7,17460,31800,25,97,68,6720
2025-01-13,79,46,6462,70,2025-01-13T10:44:13.000+02:00,74,75,200,14520,81,3450,13.5,2025-01-13T01:28:01.000+02:00,12,5520,26910,54.21,17760,33372,15,97,65,6870
2025-01-15,98,48,13591,72,2025-01-15T12:35:30.000+02:00,48,74,253,22350,70,210,13.25,2025-01-14T23:49:59.000+02:00,67,5430,32340,59.68,22200,45931,19,76,73,4560
2025-01-17,90,49,9270,71,2025-01-17T11:29:31.000+02:00,62,62,169,21210,76,3420,14.25,2025-01-17T00:40:31.000+02:00,13,4560,29670,57.63,21030,38940,14,65,64,3900
2025-01-22,99,49,6200,81,2025-01-22T10:48:52.000+02:00,81,97,234,19140,84,2580,13.0,2025-01-22T00:01:02.000+02:00,24,7860,32670,55.52,19710,38870,24,95,79,5670
2025-01-24,100,48,4596,83,2025-01-24T09:24:08.000+02:00,90,100,224,19230,88,2700,12.875,2025-01-23T23:01:32.000+02:00,22,9270,32760,56.72,19770,37356,54,71,81,4260
2025-01-26,85,49,15270,50,2025-01-26T14:22:29.000+02:00,37,38,219,20340,65,870,13.75,2025-01-26T02:14:29.000+02:00,97,2850,28410,59.35,15690,43680,13,88,65,5220
2025-01-29,76,50,6690,78,2025-01-29T11:10:31.000+02:00,72,78,161,15600,80,1830,13.375,2025-01-29T02:02:31.000+02:00,56,5670,26190,56.41,16230,32880,14,83,69,4920
2025-02-02,100,49,3360,72,2025-02-02T11:29:30.000+02:00,96,98,274,21000,91,840,13.125,2025-02-02T01:16:30.000+02:00,97,8070,33420,58.36,18660,36780,14,73,84,4350
2025-02-05,74,48,8880,71,2025-02-05T11:09:01.000+02:00,58,58,201,16950,74,3960,12.875,2025-02-05T01:33:01.000+02:00,6,4230,25680,55.05,17550,34560,15,75,58,4500
2025-02-06,66,49,10530,73,2025-02-06T09:25:02.000+02:00,46,41,147,17190,69,3900,14.0,2025-02-05T23:55:02.000+02:00,7,3030,23670,61.5,19050,34200,33,58,53,3450
2025-02-10,53,47,2629,79,2025-02-10T07:41:50.000+02:00,93,39,136,13470,89,1530,13.75,2025-02-10T01:19:31.000+02:00,70,2940,20310,54.19,12270,22939,47,65,62,3900
2025-02-11,62,48,9225,80,2025-02-11T08:03:19.000+02:00,51,48,133,14700,71,4290,14.5,2025-02-10T23:10:34.000+02:00,1,3570,22740,58.79,19710,31965,50,75,56,4470
2025-02-12,100,51,6006,73,2025-02-12T11:45:38.000+02:00,86,98,278,19770,86,660,12.875,2025-02-12T00:01:32.000+02:00,89,8040,36240,58.77,19380,42246,27,99,86,8430
2025-02-13,87,49,7705,74,2025-02-13T11:41:23.000+02:00,69,93,191,17160,79,3900,13.25,2025-02-13T01:27:28.000+02:00,7,6840,29130,56.69,19530,36835,10,87,68,5130
2025-02-14,100,46,7980,66,2025-02-14T10:15:00.000+02:00,65,95,236,20130,80,5460,13.5,2025-02-13T23:01:00.000+02:00,1,7110,32460,54.6,22020,40440,33,89,74,5220
2025-02-15,24,51,3885,61,2025-02-15T06:09:45.000+02:00,62,18,50,7410,76,3210,14.125,2025-02-15T01:38:00.000+02:00,15,1350,12420,58.95,9690,16305,59,61,39,3660
2025-02-17,85,48,2700,73,2025-02-17T10:40:00.000+02:00,96,83,184,15600,91,660,13.75,2025-02-17T01:58:00.000+02:00,89,6120,28620,57.99,15480,31320,16,97,79,6900
2025-02-19,81,47,5730,87,2025-02-19T09:34:29.000+02:00,79,95,196,14250,83,4860,13.375,2025-02-19T00:20:29.000+02:00,1,7110,27510,61.09,18960,33240,23,96,71,6150
2025-02-24,83,44,4344,66,2025-02-24T10:15:27.000+02:00,88,97,218,15840,87,960,13.125,2025-02-24T01:17:03.000+02:00,97,7590,27960,52.34,15750,32304,22,76,77,4530
2025-02-26,65,49,5640,84,2025-02-26T08:53:59.000+02:00,74,79,130,11580,81,2520,13.125,2025-02-26T00:50:59.000+02:00,27,5790,23340,56.6,15060,28980,38,96,67,5970
2025-02-27,68,48,8405,46,2025-02-27T08:31:05.000+02:00,58,37,135,17880,74,1260,13.75,2025-02-26T23:26:00.000+02:00,83,2760,24300,60.44,18870,32705,49,61,59,3660
2025-02-28,100,46,4488,83,2025-02-28T10:24:47.000+02:00,90,83,154,20250,88,1050,13.875,2025-02-28T00:03:29.000+02:00,91,6060,32790,54.57,18180,37278,36,96,87,6480
2025-03-01,96,46,3695,73,2025-03-01T10:21:05.000+02:00,95,81,229,20820,90,2160,13.5,2025-03-01T00:34:30.000+02:00,43,5910,31500,57.43,18540,35195,22,81,77,4770
2025-03-02,64,51,3509,75,2025-03-02T09:03:29.000+02:00,88,63,107,13380,87,2010,13.375,2025-03-02T01:37:00.000+02:00,48,4680,23280,56.75,14190,26789,23,88,65,5220
2025-03-04,83,47,3960,82,2025-03-04T09:39:29.000+02:00,90,68,157,16830,88,2130,13.375,2025-03-04T00:48:29.000+02:00,43,5010,27900,57.22,16980,31860,24,96,73,6060
2025-03-05,85,48,4620,76,2025-03-05T10:34:00.000+02:00,86,80,203,16470,86,1650,13.125,2025-03-05T01:23:00.000+02:00,64,5880,28440,60.8,16620,33060,19,96,76,6090
2025-03-06,74,44,12060,75,2025-03-06T10:02:01.000+02:00,44,80,154,17370,68,7650,14.25,2025-03-05T23:32:01.000+02:00,1,5880,25740,56.42,24030,37800,17,41,55,2490
2025-03-08,46,54,17460,49,2025-03-08T10:58:00.000+02:00,18,32,143,14700,52,7650,14.25,2025-03-08T00:56:00.000+02:00,1,2370,18660,66.13,24840,36120,1,26,31,1590
2025-03-10,100,43,4174,84,2025-03-10T10:55:07.000+02:00,93,100,195,17040,89,870,13.625,2025-03-09T23:56:03.000+02:00,97,9930,35370,52.33,19200,39544,31,99,90,8400
2025-03-11,63,47,3810,75,2025-03-11T07:39:59.000+02:00,86,58,73,12810,86,1470,13.875,2025-03-11T00:14:59.000+02:00,72,4230,22890,54.85,13950,26700,66,95,71,5850
2025-03-12,99,47,5010,93,2025-03-12T09:34:00.000+02:00,88,98,200,17610,87,3330,13.75,2025-03-11T23:10:00.000+02:00,14,8250,32430,55.29,19680,37440,50,96,83,6570
2025-03-13,63,48,2655,79,2025-03-13T06:12:15.000+02:00,95,61,118,13740,90,1140,14.25,2025-03-12T23:05:00.000+02:00,89,4500,22980,57.11,13320,25635,100,80,76,4740
2025-03-14,84,49,11575,74,2025-03-14T10:27:28.000+02:00,51,74,140,19950,71,3480,14.375,2025-03-13T23:23:33.000+02:00,12,5460,28260,63.04,23580,39835,20,48,61,2850
2025-03-19,47,51,3459,53,2025-03-19T06:41:39.000+02:00,81,37,81,12060,84,2010,14.625,2025-03-19T00:30:00.000+02:00,48,2730,18840,60.68,12150,22299,73,68,55,4050
2025-03-20,76,49,3810,60,2025-03-20T08:25:01.000+02:00,88,63,173,16050,87,510,13.625,2025-03-20T00:07:01.000+02:00,81,4590,26070,58.57,13890,29880,70,92,75,5430
2025-03-23,72,50,3540,70,2025-03-23T08:24:59.000+02:00,90,73,180,13740,88,1110,13.125,2025-03-23T00:26:59.000+02:00,89,5370,25140,56.71,15030,28680,51,96,76,6030
2025-03-24,91,51,4920,86,2025-03-24T09:17:01.000+02:00,86,95,197,18210,86,600,13.5,2025-03-23T23:35:01.000+02:00,86,7020,30000,57.41,16530,34920,64,81,86,4770
2025-03-25,51,47,1665,87,2025-03-25T05:32:45.000+02:00,97,66,155,9600,92,840,13.625,2025-03-24T23:33:00.000+02:00,97,4830,19920,60.84,11130,21585,100,93,76,5490
2025-03-26,70,53,7530,75,2025-03-26T08:49:58.000+02:00,65,67,136,14430,77,3420,14.125,2025-03-25T23:51:58.000+02:00,13,4890,24750,62.23,16590,32280,55,92,65,5430
2025-03-27,56,52,3930,85,2025-03-27T07:32:30.000+02:00,81,44,98,12900,84,1530,13.5,2025-03-27T00:36:30.000+02:00,70,3300,21030,60.14,12390,24960,68,82,67,4830
2025-03-28,81,48,1890,74,2025-03-28T09:54:31.000+02:00,99,75,186,16920,94,210,13.25,2025-03-28T01:45:31.000+02:00,67,5520,27450,55.73,14580,29340,21,85,74,5010
2025-03-29,79,49,9240,82,2025-03-29T09:33:32.000+02:00,60,49,158,17700,75,6150,13.75,2025-03-28T23:27:32.000+02:00,1,3660,27120,59.39,20370,36360,36,95,64,5760
2025-03-30,65,49,10890,69,2025-03-30T10:33:58.000+03:00,44,46,125,18390,68,1740,14.5,2025-03-30T00:02:58.000+02:00,62,3390,23370,64.09,20670,34260,21,26,53,1590
2025-03-31,20,48,1122,76,2025-03-31T08:47:40.000+03:00,95,37,67,6000,90,210,13.5,2025-03-31T05:34:58.000+03:00,70,2130,10440,53.31,5880,11562,7,45,44,2310
2025-04-01,64,47,8670,80,2025-04-01T09:27:30.000+03:00,55,61,151,12840,73,5580,14.0,2025-04-01T00:39:30.000+03:00,1,4500,23010,55.34,17550,31680,24,95,58,5670
2025-04-03,53,48,2404,76,2025-04-03T08:38:03.000+03:00,93,64,118,9930,89,1260,13.625,2025-04-03T02:17:59.000+03:00,83,4710,20400,54.88,11940,22804,23,95,66,5760
2025-04-04,57,47,7440,72,2025-04-04T07:53:01.000+03:00,58,53,111,12210,74,5580,14.375,2025-04-03T23:54:01.000+03:00,1,3930,21300,56.46,16320,28740,56,87,56,5160
2025-04-05,77,47,2657,79,2025-04-05T08:22:18.000+03:00,96,84,160,13560,91,750,13.25,2025-04-05T00:15:01.000+03:00,91,6180,26580,55.83,14820,29237,58,97,81,6840
2025-04-07,75,48,4315,86,2025-04-07T08:21:29.000+03:00,86,53,176,17970,86,1950,14.0,2025-04-06T23:56:34.000+03:00,51,3870,25980,58.25,15960,30295,58,69,71,4140
2025-04-08,83,48,8490,73,2025-04-08T09:57:01.000+03:00,65,68,172,18060,77,4260,13.625,2025-04-07T23:51:01.000+03:00,2,4980,27870,57.27,19290,36360,33,82,65,4830
2025-04-15,83,47,5815,76,2025-04-15T08:47:32.000+03:00,79,98,222,13350,83,4200,13.125,2025-04-14T23:24:37.000+03:00,3,8070,27960,53.34,18960,33775,49,96,73,6540
2025-04-16,97,48,4589,79,2025-04-16T08:58:26.000+03:00,88,96,160,19020,87,1530,12.75,2025-04-15T22:49:27.000+03:00,70,7230,31950,56.2,18210,36539,73,95,88,5700
2025-04-19,95,46,8130,72,2025-04-19T11:10:02.000+03:00,69,66,228,19230,79,4920,13.5,2025-04-19T00:19:02.000+03:00,1,4830,30930,55.6,21330,39060,17,97,69,6870
2025-04-22,68,48,6784,87,2025-04-22T09:25:34.000+03:00,67,48,137,15720,78,4530,13.5,2025-04-22T00:51:00.000+03:00,1,3600,24090,56.93,16440,30874,27,81,59,4770
2025-04-26,83,48,6690,79,2025-04-26T10:48:29.000+03:00,74,93,156,14820,81,3660,13.125,2025-04-26T01:10:29.000+03:00,10,6810,27990,57.37,18120,34680,17,96,70,6360
2025-04-30,51,50,15090,56,2025-04-30T09:36:29.000+03:00,23,45,131,14550,57,7650,14.5,2025-04-29T23:56:29.000+03:00,1,3360,19710,60.68,20400,34800,23,29,38,1800
2025-05-03,65,51,6697,70,2025-05-03T08:48:06.000+03:00,67,59,151,14100,78,3060,13.375,2025-05-03T00:24:59.000+03:00,18,4350,23490,60.72,15690,30187,46,85,61,5040
2025-05-04,82,47,8181,75,2025-05-04T11:34:52.000+03:00,65,89,183,14700,77,3780,13.875,2025-05-04T01:36:01.000+03:00,8,6510,27750,56.96,18210,35931,12,96,67,6540
2025-05-06,96,47,6633,77,2025-05-06T09:39:37.000+03:00,79,72,177,19800,83,2100,13.125,2025-05-05T23:06:34.000+03:00,46,5280,31350,55.83,19350,37983,55,96,80,6270
2025-05-07,74,48,6101,78,2025-05-07T09:12:12.000+03:00,74,59,148,15120,81,3180,13.5,2025-05-07T00:22:31.000+03:00,16,4350,25680,56.06,16410,31781,41,96,66,6210
2025-05-08,96,45,3060,73,2025-05-08T09:05:31.000+03:00,96,89,224,18840,91,1230,13.625,2025-05-07T23:32:31.000+03:00,83,6540,31320,53.61,17670,34380,56,95,86,5940
2025-05-09,91,46,5880,74,2025-05-09T09:54:00.000+03:00,74,76,197,17640,83,3660,14.25,2025-05-09T00:20:00.000+03:00,10,5580,28560,56.72,18300,34440,26,91,71,5340
2025-05-10,76,49,9270,69,2025-05-10T09:20:31.000+03:00,58,78,179,16680,74,7110,13.75,2025-05-09T23:27:31.000+03:00,1,5670,26310,59.36,20430,35580,35,66,61,3960
2025-05-11,89,47,15492,79,2025-05-11T09:25:14.000+03:00,37,83,144,16320,65,7650,13.625,2025-05-10T20:58:32.000+03:00,1,6000,29310,60.12,27900,44802,47,97,70,6990
2025-05-12,94,48,6840,78,2025-05-12T10:00:29.000+03:00,76,86,221,18300,82,3870,13.375,2025-05-11T23:36:29.000+03:00,7,6210,30600,58.39,20160,37440,33,96,74,6090
2025-05-13,77,49,12690,54,2025-05-13T10:23:30.000+03:00,41,58,176,16590,67,2940,13.625,2025-05-12T23:34:30.000+03:00,19,4230,26250,59.39,16560,38940,64,93,63,5430
2025-05-17,91,47,9025,65,2025-05-17T10:39:29.000+03:00,65,71,159,18930,77,1440,13.375,2025-05-16T23:52:34.000+03:00,75,5160,29790,57.17,20340,38815,24,95,75,5700
2024-06-18,12,,,14,,30,19,,,,,,,91,,,,,,9,4,22,
